index,file,mol,pdb_id,resolution,smiles,mol_weight
0,ligand_7PB_7VMG_D_D_502.pdb,7PB,7vmg,2.39,COc1cccc(Nc2cc(Nc3cccc(NC(=O)C4CC4)c3)ncn2)c1,375.42400000000004
1,ligand_LXL_5CA0_B_B_504.pdb,LXL,5ca0,2.5,CCC[C@H](Nc1nc(ncc1C)c2ccc(NC(=O)NCC)c(OC)c2)c3cccnc3,434.534
2,ligand_EX5_6GF3_B_B_503.pdb,EX5,6gf3,2.4,CC[C@@]12CC(=C3Nc4cc(OC)c(OC(C)=O)cc4[C@@]35CCN(C[C@@H]6O[C@H]16)[C@@H]25)C(=O)OC,440.48900000000003
3,ligand_LO9_8A9Z_B_B_505.pdb,LO9,8a9z,2.29,COc1cc(Cn2cc3ccc4cnoc4c3c2)cc(OC)c1,308.33099999999996
4,ligand_CN2_1SA0_B_B_700.pdb,CN2,1sa0,3.58,COC1=CC=C2C(=CC1=O)[C@H](CCc3cc(OC)c(OC)c(OC)c23)NC(=O)CS,431.50199999999995
5,ligand_POD_1SA1_B_B_700.pdb,POD,1sa1,4.2,COc1cc(cc(OC)c1OC)[C@H]2[C@@H]3[C@H](COC3=O)[C@@H](O)c4cc5OCOc5cc24,414.405
6,ligand_S40_6LS4_B_B_504.pdb,S40,6ls4,2.4,Cc1ccc(cc1N[S](=O)(=O)c2ccc(cc2)C3CC3)C(=O)NCc4cccnc4,421.51199999999994
7,ligand_QW9_6O5N_B_B_505.pdb,QW9,6o5n,3.0,COc1cc(cc(OC)c1OC)C(=O)c2[nH]c(nc2)c3c[nH]c4cccc(C)c34,391.42
8,ligand_O91_6PC4_B_B_505.pdb,O91,6pc4,2.6,COc1cc(cc(OC)c1OC)C(=O)c2c[nH]c(n2)c3ccc(C)cc3,352.384
9,ligand_9N5_5O7A_B_B_504.pdb,9N5,5o7a,2.5,CO/N=C/C(C)(C)NC(=O)[C@H](OC)Oc1ccc2ncc(cc2c1)C#C,355.38800000000003
10,ligand_LOC_5EYP_B_B_502.pdb,LOC,5eyp,1.9,COC1=CC=C2C(=CC1=O)[C@H](CCc3cc(OC)c(OC)c(OC)c23)NC(C)=O,399.43699999999995
11,ligand_UVA_5S4N_B_B_507.pdb,UVA,5s4n,2.53,CNc1ccccc1[S](C)(=O)=O,185.243
12,ligand_WNY_5S4P_B_B_505.pdb,WNY,5s4p,2.29,CC(=O)N1CCN(CC1)c2ccc(Cl)cc2,238.713
13,ligand_WVD_5S4Q_B_B_505.pdb,WVD,5s4q,2.59,Cc1ncsc1C(=O)N2CCNC(=O)C2,225.268
14,ligand_NW7_5S4R_B_B_505.pdb,NW7,5s4r,2.35,CCc1noc(C)c1C(=O)Nc2cc(C)on2,235.239
15,ligand_K0M_5S4S_A_B_504.pdb,K0M,5s4s,2.35,Cn1ccc(NC(=O)c2onc(C)c2)n1,206.201
16,ligand_K1G_5S4T_B_B_505.pdb,K1G,5s4t,2.27,CC(C)N(C)c1ncnc2n(C)ncc12,205.26
17,ligand_GX4_5S4U_B_B_505.pdb,GX4,5s4u,2.39,Fc1ccc(cc1)N2CCN(CC2)C(=O)C3CC3,248.296
18,ligand_9KS_5S4V_B_B_506.pdb,9KS,5s4v,2.3,CC(=O)Nc1ccccc1O,151.16299999999998
19,ligand_WZ7_5S4W_B_B_505.pdb,WZ7,5s4w,2.8,NC(=O)c1ccnc(NC2CC=CC2)c1,203.24
20,ligand_JHD_5S4X_B_B_505.pdb,JHD,5s4x,2.53,COc1ccc(CN)cc1OC,167.205
21,ligand_NSJ_5S4Y_B_B_504.pdb,NSJ,5s4y,2.3,Oc1cccc(CN2CCSCC2)c1,209.308
22,ligand_WN1_5S4Z_B_B_505.pdb,WN1,5s4z,2.1,COc1cccc(c1)C(=O)Nc2ccccc2F,245.24900000000002
23,ligand_WZD_5S50_B_B_505.pdb,WZD,5s50,3.1,C(Nc1[nH]c2ccccc2n1)c3occc3,213.235
24,ligand_RWS_5S51_B_B_505.pdb,RWS,5s51,2.4,Cc1sc(nn1)N2CCCCC2,183.274
25,ligand_WZM_5S53_B_B_505.pdb,WZM,5s53,2.75,CN(C1CCC1)c2ccc(nn2)C(N)=O,206.24400000000003
26,ligand_FW9_7CEK_B_B_506.pdb,FW9,7cek,2.7,COc1cccc(c1)c2cc(NCc3ccc4OCOc4c3)nc(N)n2,350.371
27,ligand_IBL_7YYQ_B_B_601.pdb,IBL,7yyq,1.7,COc1ccc(cc1O)N=Nc2cc(OC)c(OC)c(OC)c2,318.325
28,ligand_E3Y_6BR1_B_B_505.pdb,E3Y,6br1,2.3,COc1ccc2N(CCCc2c1)c3nc(Cl)nc4ncccc34,326.78
29,ligand_E44_6BRF_B_B_505.pdb,E44,6brf,2.5,COc1ccc2N(CCCc2c1)c3nc(Cl)nc4cccnc34,326.78
30,ligand_GK9_6BRY_B_B_504.pdb,GK9,6bry,2.7,COc1ccc2N(CCCc2c1)c3nc(Cl)nc4ccoc34,315.754
31,ligand_E9Y_6BS2_B_B_505.pdb,E9Y,6bs2,2.65,COc1ccc2N(CCCc2c1)c3nc(C)nc4onc(C)c34,310.35
32,ligand_G9K_6D88_B_B_505.pdb,G9K,6d88,2.85,COc1cc(cc2OC=COc12)C(=O)c3c[nH]c(n3)c4c[nH]c5ccccc45,373.36199999999997
33,ligand_G8K_6O5M_B_B_506.pdb,G8K,6o5m,2.3,COc1cc(cc(OC)c1OC)C(=O)c2c[nH]c(n2)c3cccc4[nH]ccc34,377.39300000000003
34,ligand_DO6_6KPP_B_B_501.pdb,DO6,6kpp,2.75,COc1ccc2c(oc(C)c2C(=O)c3cc(OC)c(OC)c(OC)c3)c1O,372.369
35,ligand_NV4_5JCB_B_B_505.pdb,NV4,5jcb,2.3,COc1cc(cc(OC)c1OC)[C@H]2[C@@H]3[C@@H](COC3=O)[C@@H](Sc4[nH]cnn4)c5cc6OCOc6cc25,497.52
36,ligand_88U_5XKF_B_B_504.pdb,88U,5xkf,2.8,COc1ccc(cc1)N(C)c2nc(C)nc3ccccc23,279.336
37,ligand_890_5XKG_B_B_504.pdb,890,5xkg,2.2,COc1ccc(cc1N)N(C)C2=CC(=O)Oc3ccccc23,296.32099999999997
38,ligand_DJ9_6NNG_B_B_505.pdb,DJ9,6nng,2.4,COc1cc(cc(OC)c1OC)c2nccc3[nH]c(nc23)c4ccc5cc[nH]c5c4,400.43
39,ligand_KUM_6O61_B_B_505.pdb,KUM,6o61,2.6,COc1cc(cc(OC)c1OC)C(=O)c2[nH]c(nc2)c3c[nH]c4ccccc34,377.39300000000003
40,ligand_QRN_6ZWB_B_B_502.pdb,QRN,6zwb,1.75,COc1ccc(CCc2sc3ccccc3n2)cc1O,285.361
41,ligand_LON_5XKE_B_B_504.pdb,LON,5xke,2.6,CN[C@H]1CCc2cc(OC)c(OC)c(OC)c2C3=CC=C(OC)C(=O)C=C13,371.42699999999996
42,ligand_ERX_6LSM_B_B_507.pdb,ERX,6lsm,2.75,COc1cc(cc(OC)c1OC)c2ccnc3cc(nn23)c4ccc(C)cc4,375.42
43,ligand_4ED_4YJ2_B_B_504.pdb,4ED,4yj2,2.6,Cc1cc2sc(\C=C\c3cccnc3)nc2cc1C,266.361
44,ligand_89U_5XLZ_B_B_504.pdb,89U,5xlz,2.3,COc1ccc(cc1O)\C=C2\c3ccccc3C(=O)c4ccccc24,328.361
45,ligand_89C_5XKH_B_B_504.pdb,89C,5xkh,2.25,COc1ccc(cc1O)N(C)C2=CC(=O)Oc3ccccc23,297.305
46,ligand_ERR_6LSN_B_B_507.pdb,ERR,6lsn,2.45,COc1cc(cc(OC)c1OC)c2ccnc3cc(nn23)c4ccc5n(C)ccc5c4,414.45599999999996
47,ligand_AEU_7CDA_B_B_504.pdb,AEU,7cda,2.66,C(Nc1cc2c([nH]c3ccccc23)cn1)c4cccc(Oc5ccccc5)c4,365.42699999999996
48,ligand_AF6_7CE6_B_B_504.pdb,AF6,7ce6,2.7,C(Nc1cc2c([nH]c3ccccc23)cn1)c4ccccc4,273.332
49,ligand_AEX_7CE8_B_B_504.pdb,AEX,7ce8,2.73,CCCCNc1cc2c([nH]c3ccccc23)cn1,239.31599999999997
50,ligand_PN6_6S8K_B_B_501.pdb,PN6,6s8k,1.52,CC(C)(C)c1[nH]cnc1/C=C/2NC(=O)C(/NC/2=O)=C/c3ccccc3,336.38800000000003
51,ligand_6ZR_5GON_B_B_508.pdb,6ZR,5gon,2.48,COc1ccc(cc1O)[C@H]2[C@@H](C)C(=O)N2c3cc(OC)c(OC)c(OC)c3,373.4
52,ligand_6NL_5JVD_B_F_501.pdb,6NL,5jvd,2.39,COc1ccc(\C=C(/C)C(=O)c2cc(OC)c3OCOc3c2)cc1O,342.343
53,ligand_7BA_5LYJ_B_B_503.pdb,7BA,5lyj,2.4,COc1ccc(\C=C/c2cc(OC)c(OC)c(OC)c2)cc1O,316.348
54,ligand_SD5_5M7E_B_B_505.pdb,SD5,5m7e,2.05,Nc1cc(c(cn1)c2cc(nc(n2)N3CCOCC3)N4CCOCC4)C(F)(F)F,410.394
55,ligand_FB7_5M7G_B_B_501.pdb,FB7,5m7g,2.25,Nc1cc(c(cn1)c2cc(nc(c2)N3CCOCC3)N4CCOCC4)C(F)(F)F,409.405
56,ligand_UGI_5M8D_B_B_501.pdb,UGI,5m8d,2.25,Nc1cc(c(cn1)c2cc(nc(n2)N3CCCC3)N4CCOCC4)C(F)(F)F,394.394
57,ligand_918_5M8G_B_B_501.pdb,918,5m8g,2.15,Nc1cc(c(cn1)c2cc(nc(n2)N3CCOCC3)N4CCCC4)C(F)(F)F,394.394
58,ligand_8WB_5NFZ_B_B_501.pdb,8WB,5nfz,2.1,COC1=CC=C(C=CC1=O)c2ccc(OC)c(OC)c2OC,302.322
59,ligand_89O_5XLT_B_B_505.pdb,89O,5xlt,2.81,COc1cc(cc(OC)c1O)[C@H]2[C@@H]3[C@H](COC3=O)[C@H](O)c4cc5OCOc5cc24,400.379
60,ligand_DLW_6FKJ_B_B_501.pdb,DLW,6fkj,2.15,CCOc1ccccc1N=C(C)C2=C(O)C[C@@H](CC2=O)c3ccccc3,349.423
61,ligand_DLK_6FKL_B_B_507.pdb,DLK,6fkl,2.1,COc1ccccc1N[C](C)=[C@@]2C(=O)C[CH](CC2=O)c3ccccc3,335.39599999999996
62,ligand_D3L_6K9V_B_B_504.pdb,D3L,6k9v,2.54,COc1ccc2[nH]c(cc2c1)C(=O)c3ccccc3,251.28
63,ligand_DN0_6KNZ_B_B_506.pdb,DN0,6knz,2.48,O=C(Cc1ccc(cn1)c2ccc(OCCN3CCOCC3)cc2)NCc4ccccc4,431.527
64,ligand_FUO_7CBZ_B_B_501.pdb,FUO,7cbz,2.61,O=C(Cc1ccc(cn1)c2ccc(OCCN3CCN(CC3)C(=O)CC4CC4)cc2)NCc5ccccc5,512.643
65,ligand_87U_5XHC_B_B_505.pdb,87U,5xhc,2.75,CC(C)(C)c1nc[nH]c1\C=C2/NC(=O)C(/NC2=O)=C/c3cccc(c3)C(=O)c4ccc(F)cc4,458.48400000000004
66,ligand_PO7_5XI7_B_B_506.pdb,PO7,5xi7,2.99,CC(C)(C)c1nc[nH]c1\C=C2/NC(=O)\C(NC2=O)=C\c3cc(F)ccc3F,372.369
67,ligand_8WR_5YL4_B_B_506.pdb,8WR,5yl4,2.64,CC(C)(C)c1nc[nH]c1\C=C2/NC(=O)C(/NC2=O)=C/c3cccc(c3)C(=O)c4ccccc4,440.494
68,ligand_IUK_7YHN_B_B_503.pdb,IUK,7yhn,2.6,Cc1ccc(cc1)[S](=O)(=O)Nc2cc(ccc2C)C(=O)NCc3ccc(C)nc3,409.501
69,ligand_EZW_6GJ4_B_B_503.pdb,EZW,6gj4,2.4,CC(=O)OC1=C(Oc2cc3ccccc3cc2n4cccc14)c5cccc6ncccc56,418.44300000000004
70,ligand_GXN_6HX8_B_B_502.pdb,GXN,6hx8,2.4,COc1cc2CN(CCc2cc1O[S](N)(=O)=O)Cc3cc(Br)c(OC)c(OC)c3,487.365
71,ligand_TU3_6XES_B_B_503.pdb,TU3,6xes,2.32,COc1cc(cc(OC)c1OC)C(=O)c2cncc(n2)c3ccc(C)c(O)c3,380.394
72,ligand_TU2_6XET_B_B_502.pdb,TU2,6xet,2.6,COc1cc(cc(OC)c1OC)C(=O)c2nc(ccc2F)c3ccc(C)c(O)c3,397.39599999999996
73,ligand_JUL_7TTD_B_B_502.pdb,JUL,7ttd,2.27,COc1ccc2N(CC(=O)Nc2c1)c3nc(nc4CCCc34)N5CCOCC5,381.42800000000005
74,ligand_JVR_7TTE_D_D_502.pdb,JVR,7tte,2.7,COc1ccc2N(CC(=O)Nc2c1)c3nc(NC4CC4)nc5CCCc35,351.402
75,ligand_71P_5LP6_B_B_504.pdb,71P,5lp6,2.9,COc1cc2CC[C@@H](NC(C)=O)C3=CC(=O)C(=CC=C3c2c(OC)c1OC)SC,415.50300000000004
76,ligand_94U_5YZ3_B_B_504.pdb,94U,5yz3,2.55,CCN(CC)c1ccc(NC(=O)c2[nH]c3ncsc3c2)cc1,314.405
77,ligand_6FS_5OV7_B_B_504.pdb,6FS,5ov7,2.4,COc1cc(OC)c(\C=C\[S](=O)(=O)Cc2ccc(OC)c(NCC(O)=O)c2)c(OC)c1,451.49
78,ligand_W1P_5S52_B_B_505.pdb,W1P,5s52,2.83,CC1=NN(C(=O)C1)c2ccccc2,174.199
79,ligand_97O_5Z4P_B_B_506.pdb,97O,5z4p,2.5,COc1ccc(cc1)c2[nH]nc3CCc4c(OC)c(OC)c(OC)cc4c23,366.41
80,ligand_CVT_6F7C_B_B_503.pdb,CVT,6f7c,2.0,COc1cc(cc(OC)c1OC)C(=O)N\N=C\c2cccc3ccccc23,364.395
81,ligand_2GE_6QQN_B_B_504.pdb,2GE,6qqn,2.3,Nc1nc(NC2CC2)cc(n1)c3cccc(Cl)c3Cl,295.16700000000003
82,ligand_OBQ_6Y6D_B_B_503.pdb,OBQ,6y6d,2.2,COc1ccc2[C@H](OC(=O)c2c1N)[C@@H]3N(C)CCc4cc5OCOc5c(OC)c34,398.409
83,ligand_VYT_7YYV_B_B_502.pdb,VYT,7yyv,2.2,COc1ccc(cc1O)N=Nc2cc(OC)c(OC)c(OC)c2,318.325
84,ligand_NZO_5CA1_B_B_504.pdb,NZO,5ca1,2.4,COC(=O)Nc1[nH]c2cc(ccc2n1)C(=O)c3sccc3,301.32
85,ligand_7Q7_5H7O_B_B_504.pdb,7Q7,5h7o,2.8,COc1cc(cc(OC)c1OC)c2nccc3[nH]c(nc23)c4cccc5[nH]ccc45,400.43
86,ligand_8WU_5YL2_B_B_504.pdb,8WU,5yl2,2.09,COc1ccc(/C=C/C(=O)c2ccc(OC)c3C=CC(C)(C)Oc23)cc1O,366.407
87,ligand_8X0_5YLJ_B_B_504.pdb,8X0,5ylj,2.7,COc1ccc(\C=C\C(=O)c2ccc(OC)c3C=CC(C)(C)Oc23)cc1,350.408
88,ligand_Y50_5YLS_B_B_504.pdb,Y50,5yls,3.0,COc1ccc(/C=C/C(=O)c2ccc(OC)c3C=CC(C)(C)Oc23)cc1N,365.42199999999997
89,ligand_TIV_5CB4_B_B_504.pdb,TIV,5cb4,2.19,O=C1NC(=O)[C@H]([C@@H]1c2c[nH]c3ccccc23)c4cn5CCCc6cccc4c56,369.416
90,ligand_H1O_7DBA_B_B_505.pdb,H1O,7dba,2.46,COc1cc(cc(OC)c1OC)c2cccc3nc([nH]c23)c4cccc5n(C)ccc45,413.468
91,ligand_H1F_7DBB_B_B_507.pdb,H1F,7dbb,2.81,COc1cc(cc(OC)c1OC)[C@@H]2CC(=NN2C(N)=S)c3ccccc3,371.45300000000003
92,ligand_H1C_7DBC_B_B_501.pdb,H1C,7dbc,2.4,CCCCc1ccc2[nH]c(NC(=O)OC)nc2c1,247.293
93,ligand_J7S_6EG5_B_B_506.pdb,J7S,6eg5,2.45,COc1ccc2N(CC(=O)Nc2c1)c3nc(Cl)nc4ncccc34,341.75199999999995
94,ligand_I8R_7Z01_B_B_502.pdb,I8R,7z01,1.82,COc1ccc(CCc2sc3c(OC)c(OC)c(OC)cc3n2)cc1O,375.439
95,ligand_I8N_7Z02_B_B_502.pdb,I8N,7z02,2.36,COc1cc(CCc2sc3cc(C)ccc3n2)cc(OC)c1OC,343.44
96,ligand_9LX_5ZXH_B_B_506.pdb,9LX,5zxh,2.8,COc1ccc(CNc2n3cc(F)ccc3nc2c4ccccc4O)cc1,363.385
97,ligand_9WR_6AGK_B_B_506.pdb,9WR,6agk,2.8,COc1cc(cc(OC)c1OC)C(=O)c2cccc(n2)c3ccc(C)c(O)c3,379.406
98,ligand_KB4_6N47_B_B_506.pdb,KB4,6n47,2.6,COc1ccc2N(CC(=O)Nc2c1)c3nc(Cl)nc4cccnc34,341.75199999999995
99,ligand_2RR_4O2A_B_B_504.pdb,2RR,4o2a,2.5,Nc1ccc(cc1)C(=O)Cn2c3ccccc3nc2c4nonc4NCCC#N,387.395
100,ligand_BG0_6JCJ_B_B_503.pdb,BG0,6jcj,2.5,COc1cc(cc(Br)c1OC)[C@@H]2c3ccc(N)c(N)c3OC(=C2C#N)N,417.25699999999995
101,ligand_JV9_7TTF_B_B_502.pdb,JV9,7ttf,2.1,CNc1nc2CCCc2c(n1)N3CC(=O)Nc4cc(OC)ccc34,325.365
102,ligand_A9Q_5OSK_B_B_507.pdb,A9Q,5osk,2.11,COc1ccc(OC)c(CN2Cc3cc(OC)c(O[S](N)(=O)=O)cc3NC2=O)c1,423.44
103,ligand_96C_5Z4U_B_B_506.pdb,96C,5z4u,3.18,CCOc1ccc(cc1)c2cn(C)nc2c3cc(OC)c(OC)c(OC)c3,368.426
104,ligand_4EE_4YJ3_B_B_503.pdb,4EE,4yj3,3.75,CCOc1ccc(cc1)C2=Nn3c(SC2)nnc3c4ccccc4OC,366.43699999999995
105,ligand_84F_5XAF_B_B_508.pdb,84F,5xaf,2.55,COc1ccc(cc1O)[C@H]2[C@H](C)C(=O)N2c3cc(OC)c(OC)c(OC)c3,373.4
106,ligand_93X_5XAG_B_B_508.pdb,93X,5xag,2.56,COc1ccc(cc1O)[C@H]2[C@H](CO)C(=O)N2c3cc(OC)c(OC)c(OC)c3,389.399
107,ligand_IC1_7DB9_B_B_507.pdb,IC1,7db9,2.85,COc1cc(OC)c(/C=C2/C(=O)Nc3ccccc23)c(OC)c1,311.332
108,ligand_H0U_7DBD_B_B_501.pdb,H0U,7dbd,3.09,Cc1ccc(cc1)[S](=O)(=O)Nc2cc(ccc2C)c3sc(cc3)C#N,368.473
109,ligand_J6L_7EMJ_B_B_505.pdb,J6L,7emj,2.33,COc1cc(OC)c(cc1OC)C2=COc3c(ccc4OC(C)(C)C=Cc34)C2=O,394.417
110,ligand_Y5J_6X1C_B_B_505.pdb,Y5J,6x1c,2.9,COc1ccc2N(CC(=O)Nc2c1)c3nc(Cl)nc4ccoc34,330.726
111,ligand_Y5L_6X1E_B_B_505.pdb,Y5L,6x1e,2.9,COc1ccc2N(CC(=O)Nc2c1)c3nc(Cl)nc4CCCc34,330.769
112,ligand_Y5M_6X1F_B_B_505.pdb,Y5M,6x1f,2.7,COc1ccc2N(CC(=O)Nc2c1)c3nc(C)nc4CCCc34,310.35
113,ligand_YJ7_7LZ7_B_B_501.pdb,YJ7,7lz7,2.8,COc1ccc2N(CC(=O)Nc2c1)c3nc(C)nc4onc(C)c34,325.322
114,ligand_YJ4_7LZ8_B_B_506.pdb,YJ4,7lz8,2.92,CCNc1nc2cccnc2c(n1)N3CC(=O)Nc4cc(OC)ccc34,350.375
115,ligand_LNU_8A9T_B_F_505.pdb,LNU,8a9t,2.3,CCOC(=O)c1cc2CCCc3cnoc3c2n1Cc4cc(OC)cc(OC)c4,396.436
116,ligand_V95_7OGN_B_B_505.pdb,V95,7ogn,2.2,COC(=O)Nc1[nH]c2cc(ccc2n1)C(=O)c3ccccc3,295.293
117,ligand_7PU_7VMJ_B_B_505.pdb,7PU,7vmj,2.9,FC(F)c1cccc(Nc2cc(Nc3cccc(NC(=O)C4CC4)c3)ncn2)c1,395.405
118,ligand_7PL_7VMK_B_B_508.pdb,7PL,7vmk,2.5,FC(F)(F)c1cccc(Nc2cc(Nc3cccc(NC(=O)C4CC4)c3)ncn2)c1,413.39599999999996
119,ligand_JEL_7EXC_B_B_503.pdb,JEL,7exc,2.39,C1Oc2ccc(Oc3cccc(CNc4cc5c([nH]c6ccccc56)cn4)c3)cc2O1,409.43699999999995
120,ligand_GWC_7XR0_B_B_505.pdb,GWC,7xr0,2.7,COc1ccc(cc1)N(C)c2nc(Cl)nc3cccc(F)c23,317.745
121,ligand_GY2_7XR1_B_B_505.pdb,GY2,7xr1,2.81,COc1ccc(cc1)N(C)c2nc(Cl)nc3ccc(F)cc23,317.745
122,ligand_IAZ_7Z2N_B_F_505.pdb,IAZ,7z2n,2.17,C(Nc1[nH]c2cc(Oc3ccccc3)ccc2n1)c4occc4,305.33099999999996
123,ligand_NW6_7Z2P_B_F_504.pdb,NW6,7z2p,2.0,COC(=O)Nc1[nH]c2ccc(cc2n1)C(=O)c3sccc3,301.32
124,ligand_JVI_8DIQ_B_B_505.pdb,JVI,8diq,2.4,CCNc1nc2CCCc2c(n1)N3CC(=O)Nc4cc(OC)ccc34,339.392
125,ligand_GXI_7XQX_B_B_505.pdb,GXI,7xqx,3.36,COc1ccc(cc1)N(C)c2nc(Cl)nc3cc(F)ccc23,317.745
126,ligand_GX5_7XQY_B_B_505.pdb,GX5,7xqy,2.35,COc1ccc(cc1)N(C)c2nc(Cl)nc3cccnc23,300.743
127,ligand_UPO_8JJC_B_B_505.pdb,UPO,8jjc,2.76,COc1cccc(c1)c2cc(nc(N)n2)N3CCc4cc(OC)c(OC)cc4C3,392.45099999999996
128,ligand_USI_8JJB_B_B_505.pdb,USI,8jjb,2.68,COc1cccc(c1)c2cc(NCc3ccc4[nH]ccc4c3)nc(N)n2,345.398
129,ligand_G9U_7CPD_B_B_501.pdb,G9U,7cpd,2.51,Brc1ccc2c(C[C@H]3CCCc4ccccc4C3=O)c[nH]c2c1,368.267
130,ligand_G9X_7CPQ_B_B_501.pdb,G9X,7cpq,2.6,Clc1ccc2c(C[C@H]3CCCc4ccccc4C3=O)c[nH]c2c1,323.816
131,ligand_V1O_8CLF_B_B_503.pdb,V1O,8clf,2.7,COc1ccc(cc1O)N=Nc2cc(OC)c(CCBr)c(OC)c2,395.24800000000005
132,ligand_W4F_8WD0_B_B_503.pdb,W4F,8wd0,2.6,COc1ccc(CCc2cc(OC)c(OC)c(OC)c2)cc1O,318.36400000000003
133,ligand_RYK_7AU5_B_B_507.pdb,RYK,7au5,2.2,CCNC(=O)N1CCc2cc3OCOc3c(OC)c2[C@@H]1[C@H]4OCc5c4ccc(OC)c5OC,456.48800000000006
134,ligand_N3Z_6TDE_B_B_504.pdb,N3Z,6tde,2.29,COc1cc2CC[C@H](NC(C)=O)c3cc4OCC(=C)c4cc3c2c(OC)c1OC,395.44800000000004
135,ligand_SOZ_8C0F_B_F_505.pdb,SOZ,8c0f,2.1,Cc1nc2ccc(F)cc2n1c3nc(N)c(F)c(Nc4ccc(cc4)C(F)(F)F)n3,420.339
136,ligand_MXV_8HUH_B_B_505.pdb,MXV,8huh,2.8,COc1cc(cc(OC)c1OC)c2nccc3[nH]c(nc23)c4cccc5n(C)ccc45,414.45599999999996
137,ligand_FWH_6H9B_B_B_505.pdb,FWH,6h9b,2.75,Cn1c2ccccc2c3cc(ccc13)C(=C)c4cc(C)nc5ccccc45,348.44
138,ligand_KG0_7ZYW_B_F_506.pdb,KG0,7zyw,2.45,CCC[C@@H](NC(=O)[C@]1(C)CSC(=N1)\C(C)=N\O)C2=CC(=CC(=O)O2)OCC3CC3,421.51
139,ligand_E70_3HKC_B_B_700.pdb,E70,3hkc,3.8,COc1ccc(cc1)[S](=O)(=O)Nc2cccnc2Nc3ccc(O)cc3,371.41
140,ligand_N16_3HKD_B_B_700.pdb,N16,3hkd,3.7,C\C(Nc1ccccc1)=C/2C(=O)N[C@@H](Cc3ccccc3)C/2=O,306.358
141,ligand_T13_3HKE_B_B_700.pdb,T13,3hke,3.6,COc1ccc(N[S](=O)(=O)c2c(F)c(F)c(F)c(F)c2F)cc1F,371.255
142,ligand_G2N_3N2G_B_B_700.pdb,G2N,3n2g,4.0,CCOC(=O)Nc1cc2N[C@H](C)C(=Nc2c(N)n1)c3ccccc3,325.365
143,ligand_K2N_3N2K_B_B_700.pdb,K2N,3n2k,4.0,CCOC(=O)Nc1cc2N[C@@H](C)C(=Nc2c(N)n1)c3ccccc3,325.365
144,ligand_N9B_6TH4_B_B_504.pdb,N9B,6th4,2.12,COC1=CC=C2C(=CC1=O)C(=C)Cc3cc(OC)c(OC)c(OC)c23,340.37
145,ligand_QRQ_6ZWC_B_B_502.pdb,QRQ,6zwc,2.04,COc1cc(CCc2sc3ccccc3n2)cc(OC)c1OC,329.413
